<?xml version="1.0" encoding="UTF-8"?>
<!DOCTYPE tiles-definitions PUBLIC "-//Apache Software Foundation//DTD Tiles Configuration 3.0//EN"
        "http://tiles.apache.org/dtds/tiles-config_3_0.dtd">
<tiles-definitions>
    <definition name="layout_popup" template="/WEB-INF/view/layout/layout_popup.jsp">
    </definition>

    <definition name="layout_main" template="/WEB-INF/view/layout/layout_main.jsp">
        <put-attribute name="footer" value="/WEB-INF/view/layout/footer.jsp"/>
        <put-attribute name="header" value="/WEB-INF/view/layout/header.jsp"/>
    </definition>

	<definition name="check/*/*" extends="layout_main">
        <put-attribute name="content" value="/WEB-INF/view/check/{1}/{2}.jsp" />
	</definition>
	
	<definition name="auto/*" extends="layout_main">
        <put-attribute name="content" value="/WEB-INF/view/auto/{1}.jsp" />
	</definition>
	
	<definition name="data/*/*" extends="layout_main">
		<put-attribute name="content" value="/WEB-INF/view/data/{1}/{2}.jsp" />
	</definition>
	
	<definition name="learning/download" extends="layout_popup">
		<put-attribute name="content" value="/WEB-INF/view/learning/download.jsp" />
	</definition>	

	<definition name="learning/*" extends="layout_main">
		<put-attribute name="content" value="/WEB-INF/view/learning/{1}.jsp" />
	</definition>
	
	<definition name="work/*" extends="layout_main">
		<put-attribute name="content" value="/WEB-INF/view/work/{1}.jsp" />
	</definition>
				
	<definition name="work/*/*" extends="layout_main">
		<put-attribute name="content" value="/WEB-INF/view/work/{1}/{2}.jsp" />
	</definition>
				
</tiles-definitions>