<?xml version="1.0" encoding="UTF-8"?>
<!DOCTYPE configuration PUBLIC "-//mybatis.org//DTD Config 3.0//EN" "http://mybatis.org/dtd/mybatis-3-config.dtd">
		
<configuration>
	<settings>
		<setting name="defaultExecutorType" value="REUSE"/>
		<setting name="useGeneratedKeys" value="true"/>
	</settings>
	<typeAliases>
		<typeAlias alias="CommonVo" type="com.diquest.lltp.domain.CommonVo"/>
		<typeAlias alias="DocumentVo" type="com.diquest.lltp.domain.DocumentVo"/>
		<typeAlias alias="AnnotationVo" type="com.diquest.lltp.domain.AnnotationVo"/>
		<typeAlias alias="HistoryVo" type="com.diquest.lltp.domain.HistoryVo"/>
		<typeAlias alias="EntityVo" type="com.diquest.lltp.domain.EntityVo"/>
		<typeAlias alias="RelationVo" type="com.diquest.lltp.domain.RelationVo"/>
		<typeAlias alias="CollectionVo" type="com.diquest.lltp.domain.CollectionVo"/>
		<typeAlias alias="UserVo" type="com.diquest.lltp.domain.UserVo"/>
	</typeAliases>
</configuration>