<?xml version="1.0" encoding="UTF-8"?>
<beans xmlns:context="http://www.springframework.org/schema/context"
    xmlns:p="http://www.springframework.org/schema/p"
    xmlns:xsi="http://www.w3.org/2001/XMLSchema-instance"
    xmlns="http://www.springframework.org/schema/beans"
    xmlns:mvc="http://www.springframework.org/schema/mvc"
    xsi:schemaLocation="http://www.springframework.org/schema/beans http://www.springframework.org/schema/beans/spring-beans-3.0.xsd
       http://www.springframework.org/schema/context http://www.springframework.org/schema/context/spring-context-3.0.xsd
       http://www.springframework.org/schema/mvc http://www.springframework.org/schema/mvc/spring-mvc.xsd">
 
    <context:component-scan base-package="com.diquest.lltp"></context:component-scan>
    
	<mvc:interceptors>
		<mvc:interceptor>
			<mvc:mapping path="/**"/>
			<bean id="WebInterceptor" class="com.diquest.lltp.common.interceptor.WebInterceptor"/>
		</mvc:interceptor>
    </mvc:interceptors>
    
    <bean class="org.springframework.web.servlet.mvc.annotation.DefaultAnnotationHandlerMapping"/>
     
	<bean id="jsonView" class="org.springframework.web.servlet.view.json.MappingJackson2JsonView"/>
    
    <bean class="org.springframework.web.servlet.view.BeanNameViewResolver" p:order="0" />
     
    <bean id="viewResolver"
        class="org.springframework.web.servlet.view.UrlBasedViewResolver" p:order="1"
        p:viewClass="org.springframework.web.servlet.view.JstlView"
        p:prefix="/WEB-INF/view/" p:suffix=".jsp">
    </bean>
    
    <!-- Tiles -->
    <bean id="tilesViewResolver" class="org.springframework.web.servlet.view.UrlBasedViewResolver">
		<property name="viewClass" value="org.springframework.web.servlet.view.tiles3.TilesView" />
		<property name="order" value="0"/>
	</bean> 
	
	<bean id="tilesConfigurer" class="org.springframework.web.servlet.view.tiles3.TilesConfigurer">
		<property name="definitions">
			<list>
				<value>classpath:config/tiles/tiles-config.xml</value>
			</list>
		</property>
		<property name="preparerFactoryClass" value="org.springframework.web.servlet.view.tiles3.SpringBeanPreparerFactory"/>
	</bean>  
	
</beans>