<?xml version="1.0" encoding="UTF-8"?>
<!DOCTYPE log4j:configuration PUBLIC "-//APACHE//DTD LOG4J 1.2//EN" "log4j.dtd">
<log4j:configuration xmlns:log4j="http://jakarta.apache.org/log4j/">

   <!-- Appenders -->
    <appender name="console" class="org.apache.log4j.ConsoleAppender">
        <layout class="org.apache.log4j.PatternLayout">
            <param name="ConversionPattern" value="%d %5p [%c] %m%n" />
        </layout>   
	</appender>
   
    <appender name="console-infolog" class="org.apache.log4j.ConsoleAppender">
        <layout class="org.apache.log4j.PatternLayout">
            <param name="ConversionPattern" value="%d %5p %m%n" />
        </layout>  
    </appender>
   
    <!-- Query Loggers -->
    <logger name="jdbc.sqlonly" additivity="false"> 
        <level value="INFO"/> 
        <appender-ref ref="console-infolog"/> 
    </logger>
     
    <logger name="jdbc.resultsettable" additivity="false"> 
        <level value="INFO"/> 
        <appender-ref ref="console"/> 
    </logger> 

	<!-- Application Loggers -->
	<logger name="com.diquest.lltp">
		<level value="info" />
	</logger>
	
    <logger name="com.diquest.lltp" additivity="false">
        <level value="debug" />
        <appender-ref ref="console"/>
    </logger>
    
	<!-- 3rdparty Loggers -->
	<logger name="org.springframework.core">
		<level value="info" />
	</logger>
	
	<logger name="org.springframework.beans">
		<level value="info" />
	</logger>
	
	<logger name="org.springframework.context">
		<level value="info" />
	</logger>

	<logger name="org.springframework.web">
		<level value="info" />
	</logger>

	<!-- Root Logger -->
	<root>
		<priority value="off" />
		<appender-ref ref="console" />
	</root>
	
</log4j:configuration>
