<?xml version="1.0" encoding="UTF-8"?>
<!DOCTYPE mapper PUBLIC "-//mybatis.org//DTD Mapper 3.0//EN" "http://mybatis.org/dtd/mybatis-3-mapper.dtd">
<mapper namespace="checkLabeling">

    <resultMap id="AnnotationMap" type="AnnotationVo">
        <result property="annId" column="ANN_ID"/>
        <result property="name" column="NAME"/>
        <result property="startPoint" column="START_POINT"/>
        <result property="endPoint" column="END_POINT"/>
        <result property="content" column="CONTENT"/>
        <result property="recordId" column="RECORD_ID"/>
        <result property="recordSeq" column="RECORD_SEQ"/>
        <result property="count" column="COUNT"/>
    </resultMap>

	<select id="getAnnotationList" parameterType="DocumentVo" resultMap="AnnotationMap">
		SELECT 
			*
		FROM 
			ANNOTATION_NEW a 
				inner join RECORD_NEW r
					on a.RECORD_ID = r.RECORD_ID 
					<if test='recordSeq == null or recordSeq == ""'>
					and a.RECORD_SEQ = r.RECORD_SEQ
					</if>
		WHERE
			r.DOC_ID = #{docId} and r.GROUP_NAME = #{groupName}	
			<if test='keywords!= null and keywords.length != 0 '>
			and a.content in
	            <foreach collection="keywords" item="keyword" index="index" separator="," open="(" close=")">
	              #{keyword}
	            </foreach>
			</if>
			<if test='recordSeq != null and recordSeq != ""'>
				and a.RECORD_SEQ = #{recordSeq}
			</if>	
		ORDER BY a.id
	</select>

	<insert id="insertAnnotation" parameterType="AnnotationVo">
		INSERT INTO 
			ANNOTATION_NEW (ANN_ID, NAME, START_POINT, END_POINT, CONTENT, RECORD_ID, RECORD_SEQ) 
		VALUES (
			#{annId}, #{name}, #{startPoint}, #{endPoint}, #{content}, #{recordId},
			(
				SELECT RECORD_SEQ
				FROM RECORD_NEW
				WHERE RECORD_ID = #{recordId}
			)
		)
	</insert>
	
</mapper>